Endemic Cyprinids,,,,,,,Invasive species,,,,,,,Others Species,,,,
"A. Species (Science Name, Local Name)",B. Morphometric Characteristics,,,,C. Location,,A. Species,B. Morphometric Characteristics,,,,C. Location,,A. Location,,B. Abundance,,
,True Length (TL),Body Depth (BD),Weight (W),"Photo (lateral, dorsal, ventral, anterior, posterior)",Municipal,Barangay,,True Length (TL),Body Depth (BD),Weight (W),"Photo (lateral, dorsal, ventral, anterior, posterior)",Municipal,Barangay,Coordinates,Depth,Weight,Number,Size
,,,,,,,,,,,,,,,,,,
,,,,,,,,,,,,,,,,,,
,,,,,,,,,,,,,,,,,,
,,,,,,,,,,,,,,,,,,
,,,,, ,,,,,,,,,,,,,
,,,,,,,,,,,,,,,,,,
,,,,,,,,,,,,,,,,,,
,,,,,,,,,,,,,,,,,,
,,,,,,,,,,,,,,,,,,
,,,,,,,,,,,,,,,,,,
,,,,,,,,,,,,,,,,,,
,,,,,,,,,,,,,,,,,,
,,,,,,,,,,,,,,,,,,
,,,,,,,,,,,,,,,,,,
,,,,,,,,,,,,,,,,,,
,,,,,,,,,,,,,,,,,,
,,,,,,,,,,,,,,,,,,
,,,,,,,,,,,,,,,,,,
,,,,,,,,,,,,,,,,,,
,,,,,,,,,,,,,,,,,,
,,,,,,,,,,,,,,,,,,
,,,,,,,,,,,,,,,,,,
,,,,,,,,,,,,,,,,,,
,,,,,,,,,,,,,,,,,,
,,,,,,,,,,,,,,,,,,
,,,,,,,,,,,,,,,,,,
,,,,,,,,,,,,,,,,,,
,,,,,,,,,,,,,,,,,,
,,,,,,,,,,,,,,,,,,
,,,,,,,,,,,,,,,,,,
,,,,,,,,,,,,,,,,,,
